{"roc_auc_score": 0.9634014084507041, "average_precision_score": 0.5658320351627647}